{"cameraMode":{"drawMode":0,"name":"Shaded","section":"Shading Mode"},"sceneLighting":false,"audioPlay":false,"sceneViewState":{"m_AlwaysRefresh":false,"showFog":true,"showSkybox":false,"showFlares":true,"showImageEffects":true,"showParticleSystems":true,"showVisualEffectGraphs":true,"m_FxEnabled":true},"in2DMode":false,"pivot":{"x":2.2094221115112306,"y":1.3293249607086182,"z":1.7207107543945313},"rotation":{"x":-0.022596994414925576,"y":0.9705692529678345,"z":-0.10081394761800766,"w":-0.21754735708236695},"size":1.5467816591262818,"orthographic":true}