{"cameraMode":{"drawMode":0,"name":"Shaded","section":"Shading Mode"},"sceneLighting":false,"audioPlay":false,"sceneViewState":{"m_AlwaysRefresh":false,"showFog":true,"showSkybox":false,"showFlares":true,"showImageEffects":true,"showParticleSystems":true,"showVisualEffectGraphs":true,"m_FxEnabled":true},"in2DMode":false,"pivot":{"x":0.5250033140182495,"y":0.9787276983261108,"z":0.6986191272735596},"rotation":{"x":-0.16749465465545655,"y":0.7689318060874939,"z":-0.22402678430080415,"w":-0.5748977661132813},"size":0.9981670379638672,"orthographic":false}