{"cameraMode":{"drawMode":0,"name":"Shaded","section":"Shading Mode"},"sceneLighting":true,"audioPlay":false,"sceneViewState":{"m_AlwaysRefresh":false,"showFog":true,"showSkybox":true,"showFlares":true,"showImageEffects":true,"showParticleSystems":true,"showVisualEffectGraphs":true,"m_FxEnabled":true},"in2DMode":false,"pivot":{"x":2.6306378841400148,"y":-5.911705017089844,"z":22.788524627685548},"rotation":{"x":-0.1690458059310913,"y":-0.11298347264528275,"z":0.019512008875608445,"w":-0.9789230227470398},"size":25.10044288635254,"orthographic":false}