{"cameraMode":{"drawMode":0,"name":"Shaded","section":"Shading Mode"},"sceneLighting":true,"audioPlay":false,"sceneViewState":{"m_AlwaysRefresh":false,"showFog":true,"showSkybox":true,"showFlares":true,"showImageEffects":true,"showParticleSystems":true,"showVisualEffectGraphs":true,"m_FxEnabled":true},"in2DMode":false,"pivot":{"x":-0.3022691607475281,"y":-1.3216605186462403,"z":6.702911376953125},"rotation":{"x":0.2488994598388672,"y":0.11876953393220902,"z":-0.03077033907175064,"w":0.9607296586036682},"size":8.384510040283204,"orthographic":true}