{"cameraMode":{"drawMode":0,"name":"Shaded","section":"Shading Mode"},"sceneLighting":true,"audioPlay":false,"sceneViewState":{"m_AlwaysRefresh":false,"showFog":true,"showSkybox":true,"showFlares":true,"showImageEffects":true,"showParticleSystems":true,"showVisualEffectGraphs":true,"m_FxEnabled":true},"in2DMode":false,"pivot":{"x":-2.2421481609344484,"y":-4.377760887145996,"z":5.314784049987793},"rotation":{"x":0.2488994598388672,"y":0.11876953393220902,"z":-0.03077033907175064,"w":0.9607296586036682},"size":1.7483444213867188,"orthographic":true}