{"cameraMode":{"drawMode":0,"name":"Shaded","section":"Shading Mode"},"sceneLighting":true,"audioPlay":false,"sceneViewState":{"m_AlwaysRefresh":false,"showFog":true,"showSkybox":true,"showFlares":true,"showImageEffects":true,"showParticleSystems":true,"showVisualEffectGraphs":true,"m_FxEnabled":true},"in2DMode":false,"pivot":{"x":-0.4029937982559204,"y":2.2676408290863039,"z":-0.6433513164520264},"rotation":{"x":0.05541197955608368,"y":0.0464123971760273,"z":-0.0025775867979973556,"w":0.9973846673965454},"size":3.8291444778442385,"orthographic":true}