{"cameraMode":{"drawMode":0,"name":"Shaded","section":"Shading Mode"},"sceneLighting":false,"audioPlay":false,"sceneViewState":{"m_AlwaysRefresh":false,"showFog":true,"showSkybox":false,"showFlares":true,"showImageEffects":true,"showParticleSystems":true,"showVisualEffectGraphs":true,"m_FxEnabled":true},"in2DMode":false,"pivot":{"x":0.3498474955558777,"y":1.1228002309799195,"z":1.1176146268844605},"rotation":{"x":-0.12401945143938065,"y":0.698768138885498,"z":-0.12499003112316132,"w":-0.6933416724205017},"size":1.3467592000961304,"orthographic":false}