{"cameraMode":{"drawMode":0,"name":"Shaded","section":"Shading Mode"},"sceneLighting":false,"audioPlay":false,"sceneViewState":{"m_AlwaysRefresh":false,"showFog":true,"showSkybox":false,"showFlares":true,"showImageEffects":true,"showParticleSystems":true,"showVisualEffectGraphs":true,"m_FxEnabled":true},"in2DMode":false,"pivot":{"x":0.2644943594932556,"y":0.49458763003349306,"z":-0.2805609703063965},"rotation":{"x":0.006748083513230085,"y":0.9807331562042236,"z":-0.1921764314174652,"w":0.03443721681833267},"size":1.6522142887115479,"orthographic":true}