{"cameraMode":{"drawMode":0,"name":"Shaded","section":"Shading Mode"},"sceneLighting":false,"audioPlay":false,"sceneViewState":{"m_AlwaysRefresh":false,"showFog":true,"showSkybox":false,"showFlares":true,"showImageEffects":true,"showParticleSystems":true,"showVisualEffectGraphs":true,"m_FxEnabled":true},"in2DMode":false,"pivot":{"x":0.7352750301361084,"y":0.4957883954048157,"z":-0.2853810787200928},"rotation":{"x":-0.0013036574237048627,"y":0.9970377087593079,"z":-0.07491832971572876,"w":-0.017350494861602784},"size":1.6522142887115479,"orthographic":true}