{"cameraMode":{"drawMode":0,"name":"Shaded","section":"Shading Mode"},"sceneLighting":false,"audioPlay":false,"sceneViewState":{"m_AlwaysRefresh":false,"showFog":true,"showSkybox":false,"showFlares":true,"showImageEffects":true,"showParticleSystems":true,"showVisualEffectGraphs":true,"m_FxEnabled":true},"in2DMode":false,"pivot":{"x":0.06266482174396515,"y":0.847150444984436,"z":-0.48132777214050295},"rotation":{"x":-0.026068607345223428,"y":0.9729735851287842,"z":-0.18279528617858888,"w":-0.13871461153030396},"size":1.0119956731796265,"orthographic":false}