{"cameraMode":{"drawMode":0,"name":"Shaded","section":"Shading Mode"},"sceneLighting":false,"audioPlay":false,"sceneViewState":{"m_AlwaysRefresh":false,"showFog":true,"showSkybox":false,"showFlares":true,"showImageEffects":true,"showParticleSystems":true,"showVisualEffectGraphs":true,"m_FxEnabled":true},"in2DMode":false,"pivot":{"x":-0.27697432041168215,"y":0.31598588824272158,"z":-0.16697347164154054},"rotation":{"x":-0.026068607345223428,"y":0.9729735851287842,"z":-0.18279528617858888,"w":-0.13871461153030396},"size":0.7116202712059021,"orthographic":false}