{"cameraMode":{"drawMode":0,"name":"Shaded","section":"Shading Mode"},"sceneLighting":false,"audioPlay":false,"sceneViewState":{"m_AlwaysRefresh":false,"showFog":true,"showSkybox":false,"showFlares":true,"showImageEffects":true,"showParticleSystems":true,"showVisualEffectGraphs":true,"m_FxEnabled":true},"in2DMode":false,"pivot":{"x":-0.6296272277832031,"y":-4.145585060119629,"z":7.741433143615723},"rotation":{"x":-0.11090138554573059,"y":0.22108551859855653,"z":-0.025313107296824456,"w":-0.9686006903648377},"size":2.9792633056640627,"orthographic":false}