{"cameraMode":{"drawMode":0,"name":"Shaded","section":"Shading Mode"},"sceneLighting":false,"audioPlay":false,"sceneViewState":{"m_AlwaysRefresh":false,"showFog":true,"showSkybox":false,"showFlares":true,"showImageEffects":true,"showParticleSystems":true,"showVisualEffectGraphs":true,"m_FxEnabled":true},"in2DMode":false,"pivot":{"x":-0.8431212902069092,"y":1.644327163696289,"z":-0.40923625230789187},"rotation":{"x":0.0001510163419879973,"y":0.8427157998085022,"z":0.00024892587680369616,"w":-0.5383716821670532},"size":1.5237650871276856,"orthographic":false}