{"cameraMode":{"drawMode":0,"name":"Shaded","section":"Shading Mode"},"sceneLighting":false,"audioPlay":false,"sceneViewState":{"m_AlwaysRefresh":false,"showFog":true,"showSkybox":false,"showFlares":true,"showImageEffects":true,"showParticleSystems":true,"showVisualEffectGraphs":true,"m_FxEnabled":true},"in2DMode":false,"pivot":{"x":-0.044344574213027957,"y":1.292966604232788,"z":-0.33226004242897036},"rotation":{"x":-0.030999168753623964,"y":0.9565873742103577,"z":-0.11069632321596146,"w":-0.2678338289260864},"size":1.1916351318359376,"orthographic":false}