{"cameraMode":{"drawMode":0,"name":"Shaded","section":"Shading Mode"},"sceneLighting":false,"audioPlay":false,"sceneViewState":{"m_AlwaysRefresh":false,"showFog":true,"showSkybox":false,"showFlares":true,"showImageEffects":true,"showParticleSystems":true,"showVisualEffectGraphs":true,"m_FxEnabled":true},"in2DMode":false,"pivot":{"x":-0.057712554931640628,"y":-1.1278791427612305,"z":-2.8832154273986818},"rotation":{"x":-0.038471437990665439,"y":0.9606186747550964,"z":-0.21502187848091126,"w":-0.1718233823776245},"size":3.531968116760254,"orthographic":false}