{"cameraMode":{"drawMode":0,"name":"Shaded","section":"Shading Mode"},"sceneLighting":false,"audioPlay":false,"sceneViewState":{"m_AlwaysRefresh":false,"showFog":true,"showSkybox":false,"showFlares":true,"showImageEffects":true,"showParticleSystems":true,"showVisualEffectGraphs":true,"m_FxEnabled":true},"in2DMode":false,"pivot":{"x":-0.5228967666625977,"y":0.1713944971561432,"z":1.0520987510681153},"rotation":{"x":0.0000873981844051741,"y":0.9999082088470459,"z":0.007499160245060921,"w":-0.011705216951668263},"size":1.189806580543518,"orthographic":true}