{"cameraMode":{"drawMode":0,"name":"Shaded","section":"Shading Mode"},"sceneLighting":false,"audioPlay":false,"sceneViewState":{"m_AlwaysRefresh":false,"showFog":true,"showSkybox":false,"showFlares":true,"showImageEffects":true,"showParticleSystems":true,"showVisualEffectGraphs":true,"m_FxEnabled":true},"in2DMode":false,"pivot":{"x":0.5493263006210327,"y":1.206518292427063,"z":7.285157203674316},"rotation":{"x":0.010521466843783856,"y":-0.9827169179916382,"z":-0.05903395637869835,"w":-0.17515972256660462},"size":2.7796287536621095,"orthographic":false}