{"cameraMode":{"drawMode":0,"name":"Shaded","section":"Shading Mode"},"sceneLighting":false,"audioPlay":false,"sceneViewState":{"m_AlwaysRefresh":false,"showFog":true,"showSkybox":false,"showFlares":true,"showImageEffects":true,"showParticleSystems":true,"showVisualEffectGraphs":true,"m_FxEnabled":true},"in2DMode":false,"pivot":{"x":0.6272355914115906,"y":1.005774974822998,"z":0.2986665368080139},"rotation":{"x":0.18501892685890199,"y":-0.5203906297683716,"z":0.11664266884326935,"w":0.8254440426826477},"size":0.7714799642562866,"orthographic":true}