{"cameraMode":{"drawMode":0,"name":"Shaded","section":"Shading Mode"},"sceneLighting":false,"audioPlay":false,"sceneViewState":{"m_AlwaysRefresh":false,"showFog":true,"showSkybox":false,"showFlares":true,"showImageEffects":true,"showParticleSystems":true,"showVisualEffectGraphs":true,"m_FxEnabled":true},"in2DMode":false,"pivot":{"x":0.1965901255607605,"y":0.6452399492263794,"z":-0.3975837826728821},"rotation":{"x":0.0402597114443779,"y":-0.10621204972267151,"z":0.0043038795702159409,"w":0.9935206174850464},"size":0.988531231880188,"orthographic":true}